numero;pagina;id_produto;nome;preco;status;variacoes;skus;link
1;1;249365127;Refil de Difusor Aroma Tênue 510ml Óleo Dani Fernandes;R$176,90;Disponivel;7;"REFIL/01/500-1; REFIL/01/500-2; REFIL/01/500-3; REFIL/01/500-4; REFIL/01/500-5; REFIL/01/500-6";https://danifernandes.com.br/produtos/refil-de-difusor-aroma-tenue-510ml-oleo-dani-fernandes/
2;1;246349858;Água Perfumada Tênue 510ml | Dani Fernandes;R$79,90;Disponivel;1;AP 01/500;https://danifernandes.com.br/produtos/agua-perfumada-tenue-500ml/
3;1;246349851;Água Perfumada Flor de Figo 510ml;R$79,90;Disponivel;1;AP 13/500;https://danifernandes.com.br/produtos/agua-perfumada-flor-de-figo-500ml/
4;1;246349630;Refil 500ml Sabonete Aroma Tênue Glitter;R$97,90;Disponivel;1;REFILSABG/01/500;https://danifernandes.com.br/produtos/refil-500-ml-sabonete-aroma-tenue-glitter/
5;1;246350123;Kit Best Sellers Aromatizadores Home Spray 25ml Dani Fernandes;R$149,90;Disponivel;1;KIT/SPRAY/25;https://danifernandes.com.br/produtos/kit-best-sellers-aromatizadores-25ml/
6;1;246349595;Refil 250ml Sabonete Aroma Orquidea | Dani Fernandes;R$73,90;Disponivel;1;REFIL/SAB/20/250;https://danifernandes.com.br/produtos/refil-250-ml-sabonete-aroma-orquidea/
7;1;246349859;Difusor de Aromas Flor de Figo 300ml Óleo Dani Fernandes;R$189,90;Disponivel;1;DIF 13/300;https://danifernandes.com.br/produtos/difusor-de-aromas-flor-de-figo-300-ml-oleo/
8;1;249424181;Refil 500 ml Sabonete Aroma Flor De Figo Glitter Dani Fernandes;R$97,90;Disponivel;1;REFILSABG/13/500;https://danifernandes.com.br/produtos/sabonetes-refil-500-ml-sabonete-aroma-flor-de-figo-glitter/
9;1;246349888;Aromatizador de Ambiente Home Spray Tênue 250ml | Dani Fernandes;R$149,90;Disponivel;1;SPRAY 01/250;https://danifernandes.com.br/produtos/aromatizador-de-ambiente-home-spray-tenue-250ml-dani-fernandes-145w0/
10;1;246349627;Refil 500ml Sabonete Aroma Tênue;R$97,90;Disponivel;1;REFIL/SAB/01/500;https://danifernandes.com.br/produtos/refil-500-ml-sabonete-aroma-tenue/
11;1;246349822;Essência Concentrada Tênue 15ml | Dani Fernandes;R$97,90;Disponivel;1;ES 01/15;https://danifernandes.com.br/produtos/essencia-tenue-15-ml/
12;1;246349874;Aromatizador de Ambiente Home Spray Flor de Figo 250ml | Dani Fernandes;R$149,90;Disponivel;1;SPRAY 13/250;https://danifernandes.com.br/produtos/aromatizador-de-ambiente-home-spray-flor-de-figo-250ml-dani-fernandes-1h0uf/
13;2;246349729;Difusor de Aromas Tênue 350ml óleo;R$214,90;Disponivel;1;DIF 01/GLITTER/350;https://danifernandes.com.br/produtos/difusor-de-aromas-tenue-350ml-oleo/
14;2;246349929;Água Perfumada Orquidea 510ml;R$79,90;Disponivel;1;AP 20/510;https://danifernandes.com.br/produtos/agua-perfumada-dani-fernandes-orquidea-510-ml/
15;2;246349969;Agua Perfumada Verbena e Limão Siciliano 510ml Dani Fernandes;R$79,90;Disponivel;1;AP 27/510;https://danifernandes.com.br/produtos/agua-perfumada-verbena-e-limao-siciliano-510ml-dani-fernandes/
16;2;246349837;Essência Flor de Figo 15ml | Dani Fernandes;R$97,90;Disponivel;1;ES 13/15;https://danifernandes.com.br/produtos/essencia-flor-de-figo-15-ml/
17;2;246349631;Refil 500ml Sabonete Aroma Romã Glitter;R$97,90;Disponivel;1;REFILSABG/25/500;https://danifernandes.com.br/produtos/refil-500-ml-sabonete-aroma-roma-glitter/
18;2;246349620;Refil Sabonete Espumador 250ml Aroma Flor De Figo;R$73,90;Disponivel;1;REFILSABE/13/250;https://danifernandes.com.br/produtos/refil-sabonete-espumador-250ml-aroma-flor-de-figo/
19;2;246349726;Difusor de Aromas Tênue 120ml óleo;R$128,90;Disponivel;1;DIF 01/120;https://danifernandes.com.br/produtos/difusor-de-aromas-tenue-120-ml-oleo/
20;2;246349672;Difusor de Aromas Orquídea 210ml Óleo Dani Fernandes;R$179,90;Disponivel;2;"DIF 20/210; DIF 20/210P";https://danifernandes.com.br/produtos/difusor-de-aromas-orquidea-210-ml-oleo/
21;2;246349918;Água Perfumada Romã 510ml;R$79,90;Disponivel;1;AP 25/510;https://danifernandes.com.br/produtos/agua-perfumada-roma-500ml/
22;2;304376365;Creme para Mãos Instituto Paola Tênue 60g - Renda 100% Revertida em Doações;R$49,90;Disponivel;1;HID 01/IP/60;https://danifernandes.com.br/produtos/creme-para-maos-instituto-paola-tenue-60g-renda-100-revertida-em-doacoes/
23;2;246349772;Óleo Difusor de Aromas Tênue Mae Querida 210ml;R$189,90;Disponivel;1;DIF 01/M/210;https://danifernandes.com.br/produtos/oleo-difusor-de-aromas-tenue-mae-querida-210-ml/
24;2;246349921;Difusor de Aroma Verbena e Limão Siciliano 300ml Óleo Dani Fernandes;R$194,90;Disponivel;1;DIF 27/300;https://danifernandes.com.br/produtos/difusor-de-aromas-verbena-limao-siciliano-300ml-oleo/
25;3;246349597;Refil 250ml Sabonete Aroma Verbena E Limão Siciliano Glitter | Dani Fernandes;R$73,90;Disponivel;1;REFILSABG/27/250;https://danifernandes.com.br/produtos/refil-250-ml-sabonete-aroma-verbena-e-limao-siciliano/
26;3;316873474;Kit 3 Aromatizadores de Ambiente 25ml | Dani Fernandes & Bridgerton;R$199,90;Disponivel;1;KIT/SPRAY/B;https://danifernandes.com.br/produtos/kit-3-aromatizadores-de-ambiente-25ml-dani-fernandes-bridgerton-httjl/
27;3;246349864;Sabonete Líquido Flor de Figo 300ml Dani Fernandes;R$179,90;Disponivel;1;SAB 13/GLIT/300;https://danifernandes.com.br/produtos/sabonete-liquido-flor-de-figo-300-ml/
28;3;246349983;Óleo Difusor de Aromas Flor de Figo Mãe Querida 210ml;R$189,90;Disponivel;1;DIF 13/M/210;https://danifernandes.com.br/produtos/oleo-difusor-de-aromas-flor-de-figo-mae-querida-210-ml-877/
29;3;246349600;Refil 250ml Sabonete Aroma Tênue Glitter;R$73,90;Disponivel;1;REFILSABG/01/250;https://danifernandes.com.br/produtos/refil-250-ml-sabonete-aroma-tenue-glitter/
30;3;246349731;Sabonete Glitter Tênue 350ml;R$195,90;Disponivel;1;SAB 01/GLITTER/350;https://danifernandes.com.br/produtos/sabonete-glitter-tenue-350-ml/
31;3;246349852;Água Perfumada Lavanda 510ml | Dani Fernandes;R$79,90;Disponivel;1;AP 02/500;https://danifernandes.com.br/produtos/agua-perfumada-lavanda-500ml/
32;3;246349849;Água Perfumada Blue 510ml Dani Fernandes;R$55,00;Disponivel;1;AP 14/500;https://danifernandes.com.br/produtos/agua-perfumada-blue-500ml/
33;3;246350063;Água Perfumada Flor de Algodão 510ml;R$79,90;Disponivel;1;AP 26/510;https://danifernandes.com.br/produtos/agua-perfumada-flor-de-algodao-510ml/
34;3;246349675;Sabonete Líquido Orquídea 210ml Dani Fernandes;R$179,90;Disponivel;2;"SAB 20/210; SAB 20/210P";https://danifernandes.com.br/produtos/sabonete-liquido-orquidea-210-ml/
35;3;246350051;Difusor e Sabonete Líquido Tênue 350ml Glitter Dani Fernandes;R$410,80;Disponivel;1;973;https://danifernandes.com.br/produtos/kit-difusor-e-sabonete-tenue-350-ml-glitter-dani-fernandes-973/
36;3;246349877;Aromatizador de Ambiente Home Spray Verbena e Limão Siciliano 250ml | Dani Fernandes;R$149,90;Disponivel;1;SPRAY 27/250;https://danifernandes.com.br/produtos/aromatizador-de-ambiente-home-spray-verbena-e-limao-siciliano-250ml-dani-fernandes-1slus/
37;4;246349668;Difusor de Aromas Orquídea 250ml Óleo Dani Fernandes;R$169,90;Disponivel;2;"DIF 20/250; DIF 20/250P";https://danifernandes.com.br/produtos/difusor-de-aromas-orquidea-250-ml-oleo/
38;4;246349626;Refil Sabonete Espumador 250ml Aroma Verbena e Limão Siciliano;R$73,90;Disponivel;1;REFILSABE/27/250;https://danifernandes.com.br/produtos/refil-sabonete-espumador-250ml-aroma-verbena-e-limao-siciliano/
39;4;249103229;Refil de Difusor de Aromas Raízes do Brasil 500ml Óleo Dani Fernandes;R$176,90;Disponivel;7;"REFIL/33/500/V-1; REFIL/33/500/V-2; REFIL/33/500/V-4; REFIL/33/500/V-5; REFIL/33/500/V-6; REFIL/33/500/V-7";https://danifernandes.com.br/produtos/refil-de-difusor-de-aromas-raizes-do-brasil-500ml-oleo-dani-fernandes/
40;4;246349990;Home Spray Mini Rosas Tênue 120ml - Branco | Dani Fernandes;R$142,90;Disponivel;2;"SPRAY 01/120-C; SPRAY 01/120-CP";https://danifernandes.com.br/produtos/home-spray-mini-rosas-tenue-120-ml-creme/
41;4;246349618;Refil Sabonete Espumador 250ml Aroma Tênue;R$73,90;Disponivel;1;REFILSABE/01/250;https://danifernandes.com.br/produtos/refil-sabonete-espumador-250ml-aroma-tenue/
42;4;246350038;Difusor e Sabonete Líquido Orquídea 210ml Dani Fernandes;R$359,80;Disponivel;1;953;https://danifernandes.com.br/produtos/kit-difusor-e-sabonete-orquidea-210-ml-dani-fernandes-953/
43;4;246349943;Sabonete Neutralizador de Odores Limão Yuzu e Pimenta Rosa Masterchef 500ml Dani Fernandes;R$136,90;Disponivel;1;SAB MC/500;https://danifernandes.com.br/produtos/sabonete-liquido-neutralizador-de-odores-masterchef-500-ml-dani-fernandes/
44;4;246349986;Difusor de Aromas Mini Rosas Tênue 250ml óleo - Branco;R$176,90;Disponivel;2;"DIF 01/250-C; DIF 01/250-CP";https://danifernandes.com.br/produtos/difusor-de-aromas-mini-rosas-tenue-250-ml-oleo-creme/
45;4;246349674;Difusor de Aromas Flor de Figo 700ml Óleo | Dani Fernandes;R$384,90;Disponivel;2;DIF 13/700;https://danifernandes.com.br/produtos/difusor-de-aromas-flor-de-figo-700-ml-oleo/
46;4;246349593;Refil 250ml Sabonete Aroma Folhas e Ervas;R$73,90;Disponivel;1;REFIL/SAB/17/250;https://danifernandes.com.br/produtos/refil-250-ml-sabonete-aroma-folhas-e-ervas/
47;4;249385836;Refil 250 ml Sabonete Aroma Verbena E Alecrim;R$73,90;Disponivel;1;REFIL/SAB/11/250;https://danifernandes.com.br/produtos/sabonetes-refil-250-ml-sabonete-aroma-verbena-e-alecrim/
48;4;246349924;Sabonete Líquido com Glitter Verbena e Limão Siciliano 300ml Dani Fernandes;R$162,90;Disponivel;1;SAB 27/GLIT/300;https://danifernandes.com.br/produtos/sabonete-liquido-glitter-verbena-e-limao-siciliano-300ml/
49;5;246349644;Refil 500ml Sabonete Aroma Bamboo;R$97,90;Disponivel;1;REFIL/SAB/19/500;https://danifernandes.com.br/produtos/refil-500-ml-sabonete-aroma-bamboo/
50;5;246350020;Difusor e Sabonete Líquido Flor de Figo 300ml Dani Fernandes;R$369,80;Disponivel;1;937;https://danifernandes.com.br/produtos/kit-difusor-e-sabonete-flor-de-figo-300-ml-dani-fernandes-937/
51;5;246349678;Difusor de Aromas Flor de Figo 120ml Óleo Dani Fernandes;R$128,90;Disponivel;1;DIF 13/120;https://danifernandes.com.br/produtos/difusor-de-aromas-flor-de-figo-120-ml-oleo/
52;5;246349709;Difusor de Aromas Lavanda 250ml Óleo Dani Fernandes;R$157,90;Disponivel;2;"DIF 02/250; DIF 02/250P";https://danifernandes.com.br/produtos/difusor-de-aromas-lavanda-250-ml-oleo/
53;5;246350067;Home Spray Neutralizador de Odores Bergamota Italiana e Ervas Finas Masterchef 250ml Dani Fernandes;R$199,90;Disponivel;1;SPRAY MC2/250;https://danifernandes.com.br/produtos/home-spray-neutralizador-de-odores-bergamota-italiana-amp-ervas-finas-masterchef-250-ml/
54;5;246349835;Creme para Mãos caixa com 4 unidades;R$206,90;Disponivel;1;KIT/HID;https://danifernandes.com.br/produtos/creme-para-maos-caixa-kit-com-4-um/
55;5;259927480;Bandeja em Cerâmica com Borda Dourada Jardim Secreto Dani Fernandes Best Seller;R$206,90;Disponivel;1;BAND/BS;https://danifernandes.com.br/produtos/bandeja-em-ceramica-com-borda-dourada-jardim-secreto-dani-fernandes/
56;5;246349883;Óleo Difusor de Aromas Tênue 210ml;R$195,90;Disponivel;1;DIF 01/210;https://danifernandes.com.br/produtos/oleo-difusor-de-aromas-tenue-210ml/
57;5;246349871;Aromatizador de Ambiente Home Spray Romã 250ml | Dani Fernandes;R$149,90;Disponivel;1;SPRAY 25/250;https://danifernandes.com.br/produtos/aromatizador-de-ambiente-home-spray-roma-250ml-dani-fernandes-gvivx/
58;5;246349615;Refil 250ml Sabonete Aroma Flor De Algodao;R$73,90;Disponivel;1;REFILSABG/26/250;https://danifernandes.com.br/produtos/refil-250ml-sabonete-aroma-flor-de-algodao/
59;5;246350073;Sabonete Liquido Neutralizador de Odores Bergamota Italiana e Ervas Finas Masterchef 500ml Dani Fernandes;R$136,90;Disponivel;1;SAB MC2/500;https://danifernandes.com.br/produtos/sabonete-liquido-neutralizador-de-odores-bergamota-italiana-amp-ervas-finas-masterchef-500-ml/
60;5;246349802;Creme para Mãos Flor de Figo 60g | Dani Fernandes;R$69,90;Disponivel;1;HID 13/60;https://danifernandes.com.br/produtos/creme-para-maos-flor-de-figo-60g-dani-fernandes-1bxn2/
61;6;246349758;Difusor Folhas e Ervas 350ml óleo;R$198,90;Disponivel;1;DIF 17/350;https://danifernandes.com.br/produtos/difusor-folhas-e-ervas-350-ml-oleo/
62;6;246349706;Difusor de Aromas Flor de Algodão 350ml Óleo Dani Fernandes;R$179,90;Disponivel;1;DIF 26/300;https://danifernandes.com.br/produtos/difusor-de-aromas-flor-de-algodao-350ml-oleo-dani-fernandes-fg1lr/
63;6;246349693;Difusor de Aromas Romã 250ml Óleo Dani Fernandes;R$172,90;Disponivel;1;DIF 25/250;https://danifernandes.com.br/produtos/difusor-de-aromas-roma-250ml-oleo-dani-fernandes/
64;6;246349788;Sabonete em Barra Tenue com 2 unidades;R$99,90;Disponivel;1;SAB 01/B/KIT;https://danifernandes.com.br/produtos/sabonete-em-barra-tenue-kit-com-2-um/
65;6;246349819;Essência Verbena e Limão Siciliano 15ml;R$97,90;Disponivel;1;ES 27/15;https://danifernandes.com.br/produtos/essencia-verbena-e-limao-siciliano/
66;6;246349809;Creme para Mãos Tênue 60g | Dani Fernandes;R$69,90;Disponivel;1;HID 01/60;https://danifernandes.com.br/produtos/creme-para-maos-tenue-60g-dani-fernandes-1kror/
67;6;249314923;Difusor de Aromas Vanilla 250ml Óleo | Dani Fernandes;R$157,90;Disponivel;1;DIF 07/250;https://danifernandes.com.br/produtos/difusores-difusor-de-aromas-vanilla-250ml-oleo/
68;6;290550326;Caderneta de Anotações Perfumada Tênue 144 Folhas 100x148mm | Dani Fernandes e Animativa;R$76,90;Disponivel;1;CAN01;https://danifernandes.com.br/produtos/caderneta-de-anotacoes-perfumada-tenue-144-folhas-100x148mm-dani-fernandes-e-animativa-gw9ay/
69;6;246350041;Difusor e Sabonete Líquido Orquídea 250ml Dani Fernandes;R$339,80;Disponivel;1;955;https://danifernandes.com.br/produtos/kit-difusor-e-sabonete-orquidea-branca-250-ml-dani-fernandes-955/
70;6;246349868;Home Spray Baby 120ml Dani Fernandes;R$132,90;Disponivel;1;SPRAYC 08/120;https://danifernandes.com.br/produtos/home-spray-baby-120ml-dani-fernandes/
71;6;290550370;Caderno Perfumado Flex Romã 32 Folhas 150mm x 210 mm | Dani Fernandes & Animativa;R$42,90;Disponivel;1;CCF25;https://danifernandes.com.br/produtos/caderno-perfumado-flex-roma-32-folhas-150mm-x-210-mm-dani-fernandes-animativa-10e57/
72;6;246349714;Difusor de Aromas Verbena e Alecrim 350ml óleo | Dani Fernandes;R$199,90;Disponivel;2;DIF 11/300;https://danifernandes.com.br/produtos/difusores-difusor-de-aromas-verbena-e-alecrim-300-ml-oleo-dani-fernandes/
73;7;246349930;Home Spray Neutralizador de Odores Limão Yuzu e Pimenta Rosa Masterchef 250ml Dani Fernandes;R$199,90;Disponivel;1;Spray MC/250;https://danifernandes.com.br/produtos/home-spray-neutralizador-de-odores-marterchef-250ml/
74;7;271855169;Kit Presenteável Difusor e Sabonete Líquido Flor de Figo 120ml | Dani Fernandes;R$252,90;Disponivel;1;KITESP/13/120;https://danifernandes.com.br/produtos/kit-presenteavel-difusor-e-sabonete-liquido-flor-de-figo-120ml-dani-fernandes/
75;7;246349778;Oleo Difusor de Aromas Flor de Algodao Mae Querida 210ml | Dani Fernandes;R$189,90;Disponivel;1;DIF 26/M/210;https://danifernandes.com.br/produtos/oleo-difusor-de-aromas-flor-de-algodao-mae-querida-210-ml/
76;7;246349724;Difusor de Aromas Tênue 700ml óleo;R$384,90;Disponivel;2;DIF 01/700;https://danifernandes.com.br/produtos/difusor-de-aromas-tenue-700-ml-oleo/
77;7;246350158;Vela Perfumada Orquídea 170g Edição Especial Dani Fernandes;R$224,90;Disponivel;1;VELA/20/E/170;https://danifernandes.com.br/produtos/vela-orquidea-170g-edicao-especial/
78;7;249310972;Difusor de Aromas Classic Baby 250 ml óleo Dani Fernandes;R$157,90;Disponivel;1;DIFC 08/250;https://danifernandes.com.br/produtos/meu-aroma-casa-difusores-difusor-de-aromas-classic-baby-250-ml-oleo-dani-fernandes/
79;7;246349774;Sabonete Glitter Tenue Mae Querida 210ml;R$178,90;Disponivel;1;SAB 01/M/210;https://danifernandes.com.br/produtos/sabonete-glitter-tenue-mae-querida-210-ml/
80;7;246349812;Sabonete Espumador Flor de Figo 270 ml;R$178,90;Disponivel;1;SAB 13/E/270;https://danifernandes.com.br/produtos/sabonete-espumador-flor-de-figo-270ml/
81;7;246349784;Sabonete em Barra Flor de Figo com 2 unidades | Dani Fernandes;R$99,90;Disponivel;1;SAB 13/B/KIT;https://danifernandes.com.br/produtos/sabonete-barra-flor-de-figo-kit-com-2-um/
82;7;246350060;Difusor e Sabonete Líquido Verbena e Limão Siciliano 300ml Dani Fernandes;R$357,80;Disponivel;1;983;https://danifernandes.com.br/produtos/kit-difusor-e-sabonete-verbena-e-limao-siciliano-300-ml-dani-fernandes-983/
83;7;246349815;Sabonete Líquido Espumador Tênue 270ml | Dani Fernandes;R$178,90;Disponivel;1;SAB 01/E/270;https://danifernandes.com.br/produtos/sabonete-espumador-tenue-270ml/
84;7;246349653;Body Splash L'amour de Soi 220ml Dani Fernandes;R$147,90;Disponivel;1;BS 31/220;https://danifernandes.com.br/produtos/body-splash-l-amour-de-soi-220ml/
85;8;246349582;Refil 250ml Sabonete Aroma Folhas Verdes;R$73,90;Disponivel;1;REFIL/SAB/04/250;https://danifernandes.com.br/produtos/refil-250-ml-sabonete-aroma-folhas-verdes/
86;8;318604033;Refil de Difusor de Aromas 250ml Peônias & Chás | Dani Fernandes & Bridgerton;R$124,90;Disponivel;1;REFIL/B1/250;https://danifernandes.com.br/produtos/refil-de-difusor-de-aromas-250ml-peonias-chas-dani-fernandes-bridgerton-13238/
87;8;246349985;Sabonete Líquido com Glitter Flor de Figo Mãe Querida 210ml;R$178,90;Disponivel;1;SAB 13/M/210;https://danifernandes.com.br/produtos/sabonete-glitter-flor-de-figo-mae-querida-210-ml-879/
88;8;246349926;Difusor de Aromas Cravo e Canela 250ml Óleo Dani Fernandes;R$157,90;Disponivel;1;DIF 05/250;https://danifernandes.com.br/produtos/difusor-de-aromas-cravo-e-canela-250ml-oleo-dani-fernandes/
89;8;316822776;Difusor de Aromas Hortênsias & Segredos 250ml | Dani Fernandes & Bridgerton;R$226,90;Disponivel;1;DIF/B3/250;https://danifernandes.com.br/produtos/difusor-de-aromas-hortensias-segredos-250ml-dani-fernandes-bridgerton-74xeq/
90;8;246349824;Essência Romã 15ml;R$97,90;Disponivel;1;ES 25/15;https://danifernandes.com.br/produtos/essencia-roma-15-ml/
91;8;316584924;Água Perfumada Laranjas & Realeza 510ml | Dani Fernandes & Bridgerton;R$96,90;Disponivel;1;AP B2/510;https://danifernandes.com.br/produtos/agua-perfumada-laranjas-realeza-510ml-dani-fernandes-bridgerton-rtvrz/
92;8;246350048;Difusor e Sabonete Líquido Tênue 120 ml Dani Fernandes;R$257,80;Disponivel;1;969;https://danifernandes.com.br/produtos/kit-difusor-e-sabonete-tenue-120-ml-dani-fernandes-969/
93;8;246349948;Armação de Aço Dourada;R$79,90;Disponivel;1;BAND/DF;https://danifernandes.com.br/produtos/armacao-de-aco/
94;8;246349936;Difusor de Aromas Limão Yuzu e Pimenta Rosa MasterChef Dani Fernandes;R$209,90;Disponivel;1;DIF MC/200;https://danifernandes.com.br/produtos/difusor-de-aromas-limao-yuzu-pimenta-rosa-masterchef-dani-fernandes/
95;8;246349660;Difusor de Aromas Folhas Verdes 250ml Óleo Dani Fernandes;R$157,90;Disponivel;1;DIF 04/250;https://danifernandes.com.br/produtos/difusor-de-aromas-folha-verdes-250ml-oleo/
96;8;246349623;Refil Sabonete Espumador 250ml Aroma Roma;R$73,90;Disponivel;1;REFILSABE/25/250;https://danifernandes.com.br/produtos/refil-sabonete-espumador-250ml-aroma-roma/
97;9;246350014;Difusor e Sabonete Líquido Flor de Algodão 350ml Dani Fernandes;R$352,80;Disponivel;1;933;https://danifernandes.com.br/produtos/kit-difusor-e-sabonete-flor-de-algodao-300-ml-dani-fernandes-933/
98;9;316833389;Água Perfumada Hortênsias & Segredos 510ml | Dani Fernandes & Bridgerton;R$96,90;Disponivel;1;AP B3/510;https://danifernandes.com.br/produtos/agua-perfumada-hortensias-segredos-510ml-dani-fernandes-bridgerton-sdlm9/
99;9;246350000;Sabonete Liquido Mini Rosas Tênue 250ml - Branco | Dani Fernandes;R$162,90;Disponivel;2;"SAB 01/250-C; SAB 01/250-CP";https://danifernandes.com.br/produtos/sabonete-liquido-mini-rosas-tenue-250-ml-creme/
100;9;246349689;Difusor de Aromas Romã 120ml Óleo Dani Fernandes;R$128,90;Disponivel;1;DIF 25/120;https://danifernandes.com.br/produtos/difusor-de-aromas-roma-120ml-oleo-dani-fernandes/
101;9;246349669;Sabonete Líquido Orquídea 250ml Dani Fernandes;R$169,90;Disponivel;2;SAB 20/250;https://danifernandes.com.br/produtos/sabonete-liquido-orquidea-250-ml/
102;9;246350065;Difusor de Aromas Bergamota Italiana e Ervas Finas Masterchef 200ml Dani Fernandes;R$209,90;Disponivel;1;DIF MC2/200;https://danifernandes.com.br/produtos/difusor-de-aromas-bergamota-italiana-amp-ervas-finas-masterchef-200-ml/
103;9;246350061;Armação de Aço Prata;R$79,90;Disponivel;1;AG11124;https://danifernandes.com.br/produtos/armacao-de-aco-prata/
104;9;246350049;Difusor e Sabonete Líquido Tênue 210ml Dani Fernandes;R$363,80;Disponivel;1;971;https://danifernandes.com.br/produtos/kit-difusor-e-sabonete-tenue-210-ml-dani-fernandes-971/
105;9;246349768;Difusor de Aromas Sagrada Família 250ml óleo;R$172,90;Disponivel;1;DIF 25/N/250;https://danifernandes.com.br/produtos/difusor-de-aromas-sagrada-familia-250ml-oleo/
106;9;246349579;Refil 250ml Sabonete Aroma Lavanda;R$73,90;Disponivel;1;REFIL/SAB/02/250;https://danifernandes.com.br/produtos/refil-250-ml-sabonete-aroma-lavanda/
107;9;246349781;Sabonete Glitter Flor de Algodão Mãe Querida 210ml | Dani Fernandes;R$178,90;Disponivel;1;SAB 26/M/210;https://danifernandes.com.br/produtos/sabonete-glitter-flor-de-algodao-mae-querida-210-ml/
108;9;246349716;Sabonete Liquido Verbena e Alecrim 350ml | Dani Fernandes;R$178,90;Disponivel;2;SAB 11/300;https://danifernandes.com.br/produtos/sabonete-liquido-verbena-e-alecrim-350ml-dani-fernandes-ln66x/
109;10;246349974;Refil 250 ml Sabonete Aroma Maça E Canela;R$73,90;Disponivel;1;REFIL/SAB/21/250;https://danifernandes.com.br/produtos/refil-250-ml-sabonete-aroma-maca-e-canela/
110;10;246349902;Difusor de Aromas Alecrim 120ml Óleo Dani Fernandes;R$128,90;Disponivel;1;DIF 24/120;https://danifernandes.com.br/produtos/novo-difusor-de-aromas-alecrim-120ml-oleo/
111;10;246349886;Sabonete Líquido Tênue 210ml;R$167,90;Disponivel;1;SAB 01/210;https://danifernandes.com.br/produtos/sabonete-liquido-tenue-210ml/
112;10;246350056;Difusor e Sabonete Líquido Verbena e Alecrim 350ml Dani Fernandes;R$378,80;Disponivel;1;981;https://danifernandes.com.br/produtos/kit-difusor-e-sabonete-verbena-e-alecrim-300-ml-dani-fernandes-981/
113;10;339267228;Água Perfumada Instituto Paola Tênue 500ml - Renda 100% Revertida em Doações;R$49,90;Disponivel;1;AP 01/IP/500;https://danifernandes.com.br/produtos/agua-perfumada-instituto-paola-tenue-500ml-renda-100-revertida-em-doacoes-kkys8/
114;10;246350017;Difusor e Sabonete Líquido Flor de Figo 120ml Dani Fernandes;R$252,90;Disponivel;1;935;https://danifernandes.com.br/produtos/kit-difusor-e-sabonete-flor-de-figo-120-ml-dani-fernandes-935/
115;10;246349793;Sabonete em Barra Flor de Figo 200g | Dani Fernandes;R$89,90;Disponivel;1;SAB 13/B/200;https://danifernandes.com.br/produtos/sabonete-em-barra-flor-de-figo-200-g/
116;10;318604032;Refil de Difusor de Aromas 250ml Laranjas & Realeza | Dani Fernandes & Bridgerton;R$124,90;Disponivel;1;REFIL/B2/250;https://danifernandes.com.br/produtos/refil-de-difusor-de-aromas-250ml-laranjas-realeza-dani-fernandes-bridgerton-16xad/
117;10;246349827;Sabonete Líquido Flor de Figo 700ml | Dani Fernandes;R$341,90;Disponivel;2;SAB 13/700;https://danifernandes.com.br/produtos/sabonete-de-aromas-flor-de-figo-700-ml/
118;10;246349780;Sabonetes em Barra Cremosos 4 unidades de 90g | Dani Fernandes;R$207,90;Disponivel;1;SAB KIT/B/90;https://danifernandes.com.br/produtos/sabonete-cremosos-kit-com-4-unid-90g-cd/
119;10;246349663;Sabonete Líquido Folhas Verdes 250ml Dani Fernandes;R$99,90;Disponivel;1;SAB 04/250;https://danifernandes.com.br/produtos/sabonete-liquido-folhas-verdes-250ml-dani-fernandes/
120;10;246350111;Óleo Difusor de Aromas Flor De Figo 500ml Jardim Secreto Dani Fernandes;R$549,90;Disponivel;1;DIF 13/500;https://danifernandes.com.br/produtos/oleo-difusor-de-aromas-flor-de-figo-500-ml/
121;11;246350030;Difusor e Sabonete Líquido Lavanda 250ml Dani Fernandes;R$310,80;Disponivel;1;945;https://danifernandes.com.br/produtos/kit-difusor-e-sabonete-lavanda-250-ml-dani-fernandes-945/
122;11;246349722;Sabonete Glitter Sweet 300ml | Dani Fernandes;R$173,90;Disponivel;1;SAB 03/GLIT/300;https://danifernandes.com.br/produtos/sabonete-glitter-sweet-300-ml/
123;11;246349656;Loção Perfumada Desodorante Corporal L'amour de Soi 300ml Dani Fernandes;R$139,90;Disponivel;1;HID 31/300;https://danifernandes.com.br/produtos/locao-perfumada-desodorante-corporal-l-amour-de-soi-300ml/
124;11;246350084;Vela Perfumada Raízes do Brasil 300g;R$228,90;Disponivel;1;VELA 33/300;https://danifernandes.com.br/produtos/vela-perfumada-raizes-do-brasil-300g/
125;11;246350046;Difusor e Sabonete Líquido Sagrada Família 250ml Dani Fernandes;R$327,80;Disponivel;1;965;https://danifernandes.com.br/produtos/kit-difusor-e-sabonete-sagrada-familia-250-ml-dani-fernandes-965/
126;11;246349817;Sabonete Espumador Verbena e Limão Siciliano 270ml;R$178,90;Disponivel;1;SAB 27/E/270;https://danifernandes.com.br/produtos/sabonete-espumador-verbena-e-limao-siciliano-270ml/
127;11;246349720;Difusor de Aromas Sweet 300ml Óleo | Dani Fernandes;R$179,90;Disponivel;1;DIF 03/300;https://danifernandes.com.br/produtos/difusor-de-aromas-sweet-300-ml-oleo/
128;11;246349586;Refil 250ml Sabonete Aroma Vanilla;R$73,90;Disponivel;1;REFIL/SAB/07/250;https://danifernandes.com.br/produtos/refil-250-ml-sabonete-aroma-vanilla/
129;11;246349927;Perfume L'amour de Soi 100ml Parfum Dani Fernandes;R$299,90;Disponivel;1;PF 31/100;https://danifernandes.com.br/produtos/parfum-l-amour-de-soi-100ml/
130;11;246350023;Difusor e Sabonete Líquido Flor de Figo 700ml Dani Fernandes;R$726,80;Disponivel;1;939;https://danifernandes.com.br/produtos/kit-difusor-e-sabonete-flor-de-figo-700-ml-dani-fernandes-939/
131;11;246349713;Home Spray Lavanda 120ml Dani Fernandes;R$132,90;Disponivel;2;"SPRAY 02/120; SPRAY 02/120P";https://danifernandes.com.br/produtos/home-spray-lavanda-120-ml/
132;11;246349696;Sabonete Líquido Romã 250ml Dani Fernandes;R$157,90;Disponivel;1;SAB 25/250;https://danifernandes.com.br/produtos/sabonete-liquido-roma-250ml-dani-fernandes/
133;12;316839586;Vela Perfumada Hortênsias & Segredos 190g | Dani Fernandes & Bridgerton;R$296,90;Disponivel;1;VELA B3/190;https://danifernandes.com.br/produtos/vela-perfumada-hortensias-segredos-190g-dani-fernandes-bridgerton-wbsxv/
134;12;246350125;Sabonetes em Barra Folhas e Ervas 270g - 3 unid;R$186,90;Disponivel;1;SAB 17/B/KIT3;https://danifernandes.com.br/produtos/sabonete-barra-kit-folhas-e-ervas-270-g-3-unidades/
135;12;246350026;Difusor e Sabonete Líquido Folhas e Ervas 350ml Dani Fernandes;R$388,80;Disponivel;1;941;https://danifernandes.com.br/produtos/kit-difusor-e-sabonete-folhas-e-ervas-350-ml-dani-fernandes-941/
136;12;246349648;Kit Body Splash + Sabonete + Loção Perfumada L'amour de Soi Dani Fernandes;R$379,90;Disponivel;1;KIT 31/LAMOUR;https://danifernandes.com.br/produtos/kit-body-splash-sabonete-e-locao-perfumada-l-amour-de-soi/
137;12;246349787;Sabonete em Barra Romã com 2 unidades;R$99,90;Disponivel;1;SAB 25/B/KIT;https://danifernandes.com.br/produtos/sabonete-em-barra-roma-kit-com-2-um/
138;12;246349602;Refil 250ml Sabonete Aroma Sweet Glitter;R$73,90;Disponivel;1;REFILSABG/03/250;https://danifernandes.com.br/produtos/refil-250-ml-sabonete-aroma-sweet-glitter/
139;12;246349599;Refil 250ml Sabonete Aroma Verão;R$73,90;Disponivel;1;REFIL/SAB/28/250;https://danifernandes.com.br/produtos/refil-250-ml-sabonete-aroma-verao/
140;12;246349588;Refil 250ml Sabonete Aroma Baby;R$73,90;Disponivel;1;REFIL/SAB/08/250;https://danifernandes.com.br/produtos/refil-250-ml-sabonete-aroma-baby/
141;12;316527730;Kit Vela Perfumada 90g e Apagador Peônias & Chás | Dani Fernandes & Bridgerton;R$224,90;Disponivel;1;KITVELA/B1/90;https://danifernandes.com.br/produtos/kit-vela-perfumada-90g-e-apagador-peonias-chas-dani-fernandes-bridgerton-wue22/
142;12;249412687;Refil 250 ml Sabonete Aroma Cravo E Canela Glitter;R$73,90;Disponivel;1;REFILSABG/05/250;https://danifernandes.com.br/produtos/sabonetes-refil-250-ml-sabonete-aroma-cravo-e-canela-glitter/
143;12;249332353;Vela Perfumada Aroma Tenue 170g Dani Frenandes;R$204,90;Disponivel;1;VELA 01/170;https://danifernandes.com.br/produtos/velas-vela-perfumada-aroma-tenue-170g/
144;12;246350075;Vela Perfumada Bergamota Italiana e Ervas Finas Masterchef 170g Dani Fernandes;R$211,90;Disponivel;1;VELA MC2/170;https://danifernandes.com.br/produtos/vela-perfumada-bergamota-italiana-amp-ervas-finas-masterchef-170g/
145;13;246349810;Creme para Mãos Verbena e Limão Siciliano 60g;R$69,90;Disponivel;1;HID 27/60;https://danifernandes.com.br/produtos/creme-para-maos-verbena-e-limao-siciliano-60g/
146;13;246349807;Creme para Mãos Romã 60g;R$69,90;Disponivel;1;HID 25/60;https://danifernandes.com.br/produtos/creme-para-maos-roma-60g/
147;13;246349813;Sabonete Espumador Romã 270ml;R$178,90;Disponivel;1;SAB 25/E/270;https://danifernandes.com.br/produtos/sabonete-espumador-roma-270ml/
148;13;280621520;Difusor de Aromas Verbena e Limão Siciliano 120ml Óleo | Dani Fernandes;R$128,90;Disponivel;1;DIF 27/120;https://danifernandes.com.br/produtos/difusor-de-aromas-verbena-e-limao-siciliano-120ml-oleo-dani-fernandes/
149;13;246350047;Difusor e Sabonete Líquido Sweet 300ml Dani Fernandes;R$353,80;Disponivel;1;967;https://danifernandes.com.br/produtos/kit-difusor-e-sabonete-sweet-300-ml-dani-fernandes-967/
150;13;246349719;Difusor de Aromas Verbena e Alecrim 700ml óleo | Dani Fernandes;R$434,90;Disponivel;1;DIF 11/700;https://danifernandes.com.br/produtos/difusor-de-aromas-verbena-e-alecrim-700ml-oleo-dani-fernandes-1khyi/
151;13;246349612;Refil 250ml Sabonete Aroma Romã Glitter;R$73,90;Disponivel;1;REFILSABG/25/250;https://danifernandes.com.br/produtos/refil-250-ml-sabonete-aroma-roma-glitter/
152;13;316842310;Barra de Cera Perfumada Wax Melts Hortênsias & Segredos 50g | Dani Fernandes & Bridgerton;R$99,90;Disponivel;1;CERA /B3/50;https://danifernandes.com.br/produtos/barra-de-cera-perfumada-wax-melts-hortensias-segredos-50g-dani-fernandes-bridgerton-cq7fm/
153;13;316718712;Barra de Cera Perfumada Wax Melts Laranjas & Realeza 50g | Dani Fernandes & Bridgerton;R$99,90;Disponivel;1;CERA /B2/50;https://danifernandes.com.br/produtos/barra-de-cera-perfumada-wax-melts-laranjas-realeza-50g-dani-fernandes-bridgerton-vu8rl/
154;13;246349829;Sabonete Líquido Tênue 700ml | Dani Fernandes;R$341,90;Disponivel;2;SAB 01/700;https://danifernandes.com.br/produtos/sabonete-liquido-tenue-700-ml/
155;13;246349795;Sabonete em Barra Tênue 200g;R$89,90;Disponivel;1;SAB 01/B/200;https://danifernandes.com.br/produtos/sabonete-em-barra-tenue-200-g/
156;13;246349790;Sabonete em Barra Verbena e limão siciliano com 2 unidades;R$99,90;Disponivel;1;SAB 27/B/KIT;https://danifernandes.com.br/produtos/sabonete-em-barra-verbena-kit-com-2-um/
157;14;246349708;Sabonete Líquido com Glitter Flor de Algodão 350ml Dani Fernandes;R$172,90;Disponivel;1;SAB 26/300;https://danifernandes.com.br/produtos/sabonete-glitter-flor-de-algodao-300-ml/
158;14;246349680;Sabonete Líquido Flor de Figo 120ml Dani Fernandes;R$128,90;Disponivel;1;SAB 13/GLIT/120;https://danifernandes.com.br/produtos/sabonete-liquido-flor-de-figo-120-ml/
159;14;246350043;Difusor e Sabonete Líquido Romã 250ml Dani Fernandes;R$330,80;Disponivel;1;961;https://danifernandes.com.br/produtos/kit-difusor-e-sabonete-roma-250-ml-dani-fernandes-961/
160;14;246349770;Sabonete Líquido Sagrada Família 250ml | Dani Fernandes;R$154,90;Disponivel;1;SAB 25/N/250;https://danifernandes.com.br/produtos/sabonete-liquido-sagrada-familia-250ml-dani-fernandes-5h2iy/
161;14;290608313;Bloco de Anotações Perfumado Romã 80 Folhas 170x250mm | Dani Fernandes & Animativa;R$97,90;Disponivel;1;BLV25;https://danifernandes.com.br/produtos/bloco-de-anotacoes-perfumado-roma-80-folhas-170x250mm-dani-fernandes-animativa-z2u0v/
162;14;246350079;Óleo Difusor de Aromas Raízes do Brasil 500ml Dani Fernandes;R$434,90;Disponivel;1;DIF 33/500;https://danifernandes.com.br/produtos/oleo-difusor-de-aromas-raizes-do-brasil-500-ml/
163;14;246349962;Difusor de Aromas Maçã e Canela 250ml óleo;R$157,90;Disponivel;1;DIF 21/250;https://danifernandes.com.br/produtos/difusor-de-aromas-maca-e-canela-250ml-oleo/
164;14;246349683;Difusor de Aromas Romã 700ml Óleo Dani Fernandes;R$384,90;Disponivel;1;DIF 25/700;https://danifernandes.com.br/produtos/difusor-de-aromas-roma-700-ml-oleo/
165;14;316637051;Vela Perfumada Laranjas & Realeza 190g | Dani Fernandes & Bridgerton;R$296,90;Disponivel;1;VELA B2/190;https://danifernandes.com.br/produtos/vela-perfumada-laranjas-realeza-190g-dani-fernandes-bridgerton-j6oa3/
166;14;290550384;Livro de Colorir 48 Folhas 150g | Dani Fernandes e Animativa;R$76,90;Disponivel;1;CCOL01;https://danifernandes.com.br/produtos/livro-de-colorir-48-folhas-150g-dani-fernandes-e-animativa-1i011/
167;14;246350091;Bandeja em Cerâmica Raízes Do Brasil;R$206,90;Disponivel;1;BAND/33/DF;https://danifernandes.com.br/produtos/bandeja-em-ceramica-raizes-do-brasil/
168;14;246350008;Difusor e Sabonete Líquido Baby 250ml Dani Fernandes;R$310,80;Disponivel;1;925;https://danifernandes.com.br/produtos/kit-difusor-e-sabonete-baby-250-ml-dani-fernandes-925/
169;15;246349728;Sabonete Glitter Tênue 120ml;R$128,90;Disponivel;1;SAB 01/120;https://danifernandes.com.br/produtos/sabonete-glitter-tenue-120-ml/
170;15;316209864;Aromatizador de Ambiente Home Spray Peônias e Chás 70ml | Dani Fernandes & Bridgerton;R$244,90;Disponivel;1;SPRAY/B1/70;https://danifernandes.com.br/produtos/aromatizador-de-ambiente-home-spray-peonias-e-chas-70ml-dani-fernandes-bridgerton-flpks/
171;15;246349760;Sabonete Liquido Folhas e Ervas 350ml;R$189,90;Disponivel;1;SAB 17/350;https://danifernandes.com.br/produtos/sabonete-liquido-folhas-e-ervas-350-ml/
172;15;246349737;Sabonete Líquido Bamboo 210ml Dan Fernandes;R$184,90;Disponivel;1;SAB 19/210;https://danifernandes.com.br/produtos/sabonete-liquido-bamboo-210-ml/
173;15;246349735;Home Spray Bamboo 210ml Dani Fernandes;R$204,90;Disponivel;1;SPRAY 19/210;https://danifernandes.com.br/produtos/home-spray-bamboo-210-ml/
174;15;246349712;Sabonete Líquido Lavanda 250ml Dani Fernandes;R$152,90;Disponivel;2;"SAB 02/250; SAB 02/250P";https://danifernandes.com.br/produtos/sabonete-liquido-lavanda-250-ml/
175;15;246350045;Difusor e Sabonete Líquido Romã 700ml Dani Fernandes;R$726,80;Disponivel;1;963;https://danifernandes.com.br/produtos/kit-difusor-e-sabonete-roma-700-ml-dani-fernandes-963/
176;15;316392881;Barra de Cera Perfumada Wax Melts Peônias e Chás 50g | Dani Fernandes & Bridgerton;R$99,90;Disponivel;1;CERA /B1/50;https://danifernandes.com.br/produtos/barra-de-cera-perfumada-wax-melts-peonias-e-chas-50g-dani-fernandes-bridgerton-1c0s6/
177;15;246349942;Vela Perfumada Limão Yuzu e Pimenta Rosa Masterchef 170g Dani Fernandes;R$211,90;Disponivel;1;VELA MC/170;https://danifernandes.com.br/produtos/vela-perfumada-masterchef-170g/
178;15;316863190;Vela Perfumada 90g e Apagador Hortênsias & Segredos | Dani Fernandes & Bridgerton;R$224,90;Disponivel;1;KITVELA/B3/90;https://danifernandes.com.br/produtos/vela-perfumada-90g-e-apagador-hortensias-segredos-dani-fernandes-bridgerton-1j1p5/
179;15;316827766;Aromatizador de Ambiente Home Spray Hortênsias & Segredos 70ml | Dani Fernandes & Bridgerton;R$244,90;Disponivel;1;SPRAY/B3/70;https://danifernandes.com.br/produtos/aromatizador-de-ambiente-home-spray-hortensias-segredos-70ml-dani-fernandes-bridgerton-zjg9k/
180;15;316569010;Aromatizador de Ambiente Home Spray Laranjas & Realeza 70ml | Dani Fernandes & Bridgerton;R$244,90;Disponivel;1;SPRAY/B2/70;https://danifernandes.com.br/produtos/aromatizador-de-ambiente-home-spray-laranjas-realeza-70ml-dani-fernandes-bridgerton-kdkv4/
181;16;246350081;Sabonetes Cremosos Raízes do Brasil 120g Com Potiche Dani Fernandes;R$209,90;Disponivel;1;SAB 33/KIT/15;https://danifernandes.com.br/produtos/sabonetes-cremosos-raizes-do-brasil-120-g-com-potiche/
182;16;316849151;Lenço Perfumado e Home Spray 25ml Hortênsias & Segredos | Dani Fernandes & Bridgerton;R$276,90;Disponivel;1;KIT/B3/L/SPRAY;https://danifernandes.com.br/produtos/lenco-perfumado-e-home-spray-25ml-hortensias-segredos-dani-fernandes-bridgerton-1k0ba/
183;16;249333823;Vela Perfumada Aroma Flor de Figo 170g Dani Fernandes;R$204,90;Disponivel;1;VELA 13/170;https://danifernandes.com.br/produtos/velas-vela-perfumada-aroma-flor-de-figo-170g/
184;16;246350113;Óleo Difusor De Aromas Romã 500ml Jardim Secreto Dani Fernandes;R$549,90;Disponivel;1;DIF 25/500;https://danifernandes.com.br/produtos/oleo-difusor-de-aromas-roma-500-ml/
185;16;246350112;Óleo Difusor De Aromas Verbena e Limão Siciliano 500ml Jardim Secreto Dani Fernandes;R$549,90;Disponivel;1;DIF 27/500;https://danifernandes.com.br/produtos/oleo-difusor-de-aromas-verbena-e-limao-siciliano-500-ml/
186;16;246350104;Kit Sala de Jantar Bergamota Italiana e Ervas Finas Masterchef - Difusor de Varetas e Vela Perfumada;R$421,80;Disponivel;1;1037;https://danifernandes.com.br/produtos/kit-sala-de-jantar-bergamota-italiana-e-ervas-finas-masterchef-avental/
187;16;287831317;Sabonete em Barra Velvet Cherry 270g - 3 unid;R$186,90;Disponivel;1;SAB 35/KIT3;https://danifernandes.com.br/produtos/sabonete-em-barra-velvet-cherry-270g-3-unid-ez7lm/
188;16;266310482;Vela Perfumada Orquidea 170 g Dani Fernandes;R$204,90;Disponivel;1;VELA/20/170;https://danifernandes.com.br/produtos/home-velas-vela-perfumada-orquidea-170-g-dani-fernandes/
189;16;246350101;Kit Cozinha para Mim Bergamota Italiana e Ervas Finas Masterchef;R$336,80;Disponivel;1;1035;https://danifernandes.com.br/produtos/kit-cozinha-para-mim-bergamota-italiana-e-ervas-finas-masterchef-avental/
190;16;316745055;Vela Perfumada 90g e Apagador Laranjas & Realeza | Dani Fernandes & Bridgerton;R$224,90;Disponivel;1;KITVELA/B2/90;https://danifernandes.com.br/produtos/vela-perfumada-90g-e-apagador-laranjas-realeza-dani-fernandes-bridgerton-kzosn/
191;16;249332797;Vela Perfumada Aroma Romã 170g | Dani Fernandes;R$204,90;Disponivel;1;VELA 25/170;https://danifernandes.com.br/produtos/velas-vela-perfumada-aroma-roma-170g/
192;16;246349903;Sabonete Líquido com Glitter Alecrim 120ml Dani Fernandes;R$128,90;Disponivel;1;SAB 24/120;https://danifernandes.com.br/produtos/novo-sabonete-glitter-alecrim-120ml/
193;17;246349881;Sabonete Líquido com Glitter Alecrim 250ml Dani Fernandes;R$152,90;Disponivel;1;SAB 24SG/250;https://danifernandes.com.br/produtos/sabonete-liquido-com-glitter-alecrim-250ml-dani-fernandes/
194;17;246349796;Sabonete em Barra Verbena e Limão Siciliano 200g;R$89,90;Disponivel;1;SAB 27/B/200;https://danifernandes.com.br/produtos/sabonete-em-barra-verb-e-lim-sic-200g/
195;17;246349652;Sabonete Líquido L'amour de Soi 300ml Dani Fernandes;R$109,90;Disponivel;1;SAB 31/300;https://danifernandes.com.br/produtos/sabonete-liquido-l-amour-de-soi-300ml/
196;17;316724615;Kit Gesso Perfumado e Home Spray 25ml Laranjas & Realeza | Dani Fernandes & Bridgerton;R$178,90;Disponivel;1;KIT/B2/G/SPRAY;https://danifernandes.com.br/produtos/kit-gesso-perfumado-e-home-spray-25ml-laranjas-realeza-dani-fernandes-bridgerton-g0gwk/
197;17;266499200;Óleo Difusor de Aromas C/01 250ml Cimples by Carolina Ferraz e Dani Fernandes;R$234,90;Disponivel;1;DIF C/01/250;https://danifernandes.com.br/produtos/pre-venda-oleo-difusor-de-aromas-c-01-250ml-cimples-by-carolina-ferraz-e-dani-fernandes2/
198;17;249079855;Sabonete Líquido com Glitter Cravo e Canela 250ml Dani Fernandes;R$152,90;Disponivel;1;SAB 05/GLIT/250;https://danifernandes.com.br/produtos/meu-aroma-casa-sabonetes-sabonete-liquido-glitter-cravo-e-canela-250ml/
199;17;246350042;Difusor e Sabonete Líquido Romã 120ml Dani Fernandes;R$257,80;Disponivel;1;959;https://danifernandes.com.br/produtos/kit-difusor-e-sabonete-roma-120-ml-dani-fernandes-959/
200;17;246349767;Sabonete Liquido Verão 250ml;R$152,90;Disponivel;1;SAB 28/250;https://danifernandes.com.br/produtos/sabonete-liquido-verao-250ml/
201;17;246350107;Kit Varanda Gourmet Bergamota Italiana e Ervas Finas Masterchef;R$546,70;Disponivel;1;1039;https://danifernandes.com.br/produtos/kit-varanda-gourmet-bergamota-italiana-e-ervas-finas-masterchef-avental/
202;17;246350098;Kit Cozinha Completa Bergamota Italiana e Ervas Finas Masterchef;R$758,60;Disponivel;1;1033;https://danifernandes.com.br/produtos/kit-cozinha-completa-bergamota-italiana-e-ervas-finas-masterchef-avental/
203;17;246350004;Difusor e Sabonete Líquido Alecrim 120ml Dani Fernandes;R$257,80;Disponivel;1;919;https://danifernandes.com.br/produtos/kit-difusor-e-sabonete-alecrim-120-ml-dani-fernandes-919/
204;17;347274529;Sabonete Líquido Tênue 350ml | Dani Fernandes;R$104,90;Disponivel;1;SAB 01/350;https://danifernandes.com.br/produtos/sabonete-liquido-tenue-350ml-dani-fernandes-1qe21/
205;18;316482242;Kit Wax Melt com Difusor Elétrico Peônias & Chás | Dani Fernandes & Bridgerton;R$319,90;Disponivel;1;KITCERA/B1/50;https://danifernandes.com.br/produtos/kit-wax-melt-com-difusor-eletrico-peonias-chas-dani-fernandes-bridgerton-a8u4e/
206;18;316422491;Kit Lenço Perfumado e Home Spray 25ml Peônias e Chás | Dani Fernandes & Bridgerton;R$276,90;Disponivel;1;KIT/B1/L/SPRAY;https://danifernandes.com.br/produtos/kit-lenco-perfumado-e-home-spray-25ml-peonias-e-chas-dani-fernandes-bridgerton-7olzy/
207;18;280623766;Sabonete Líquido Verbena e Limão Siciliano 120ml | Dani Fernandes;R$128,90;Disponivel;1;SAB 27/GLIT/120;https://danifernandes.com.br/produtos/sabonete-liquido-verbena-e-limao-siciliano-120ml-dani-fernandes/
208;18;246350089;Refil Sabonetes Cremosos Raízes do Brasil 120g Dani Fernandes;R$91,90;Disponivel;1;SAB 33/15;https://danifernandes.com.br/produtos/refil-sabonetes-cremosos-raizes-do-brasil-120-g/
209;18;246349832;Sabonete em Barra Romã 200g;R$89,90;Disponivel;1;SAB 25/B/200;https://danifernandes.com.br/produtos/sabonete-em-barra-roma-200-g/
210;18;316858270;Kit Wax Melt com Difusor Elétrico Hortênsias & Segredos | Dani Fernandes & Bridgerton;R$319,90;Disponivel;1;KITCERA/B3/50;https://danifernandes.com.br/produtos/kit-wax-melt-com-difusor-eletrico-hortensias-segredos-dani-fernandes-bridgerton-wt0le/
211;18;316730893;Kit Lenço Perfumado e Home Spray 25ml Laranjas & Realeza | Dani Fernandes & Bridgerton;R$276,90;Disponivel;1;KIT/B2/L/SPRAY;https://danifernandes.com.br/produtos/kit-lenco-perfumado-e-home-spray-25ml-laranjas-realeza-dani-fernandes-bridgerton-iofmj/
212;18;267138546;Difusor + Sabonete Líquido + Bandeja C/01 Cimples by Carolina Ferraz | Dani Fernandes;R$505,90;Disponivel;1;kit/c01/02;https://danifernandes.com.br/produtos/pre-venda-oleo-difusor-de-aromas-c-01-250ml-cimples-by-carolina-ferraz-e-dani-fernandes/
213;18;249315273;Sabonete Liquido Vanilla 250ml Dani Fernandes;R$152,90;Disponivel;1;SAB 07SG/250;https://danifernandes.com.br/produtos/sabonetes-sabonete-liquido-vanilla-250ml/
214;18;246350137;Kit Caneca e Vela Masterchef Limão Yuzu e Pimenta Rosa Dani Fernandes;R$149,90;Disponivel;1;KITVELA/MC;https://danifernandes.com.br/produtos/kit-caneca-e-vela-masterchef-limao-yuzu-e-pimenta-rosa-dani-fernandes/
215;18;246349866;Sabonete Liquido Baby 250ml Dani Fernandes;R$152,90;Disponivel;1;SABC 08/250;https://danifernandes.com.br/produtos/sabonete-liquido-baby-250ml-dani-fernandes/
216;18;246349691;Sabonete Líquido Romã 120ml Dani Fernandes;R$128,90;Disponivel;1;SAB 25/120;https://danifernandes.com.br/produtos/sabonete-liquido-roma-120ml-dani-fernandes/
217;19;336423818;Água Perfumada + Toalha Bordada + Embalagem para Presente Flor de Figo | Dani Fernandes;R$195,80;Disponivel;1;kit/13/05;https://danifernandes.com.br/produtos/agua-perfumada-toalha-bordada-embalagem-para-presente-flor-de-figo-dani-fernandes-fxy6y/
218;19;316734982;Kit Wax Melt com Difusor Elétrico Laranjas & Realeza | Dani Fernandes & Bridgerton;R$319,90;Disponivel;1;KITCERA/B2/50;https://danifernandes.com.br/produtos/kit-wax-melt-com-difusor-eletrico-laranjas-realeza-dani-fernandes-bridgerton-tpz96/
219;19;246349686;Sabonete Líquido Romã 700ml Dani Fernandes;R$341,90;Disponivel;1;SAB 25/700;https://danifernandes.com.br/produtos/sabonete-liquido-roma-700-ml/
220;19;347274528;Sabonete Líquido Flor de Figo 350ml | Dani Fernandes;R$104,90;Disponivel;1;SAB 13/350;https://danifernandes.com.br/produtos/sabonete-liquido-flor-de-figo-350ml-dani-fernandes-cqhw6/
221;19;336567682;"Difusor + Sabonete Líquido + Bandeja + Embalagem de Presente Mini Rosas ""Mãe"" | Dani Fernandes";R$564,90;Disponivel;1;kit/01/06;https://danifernandes.com.br/produtos/difusor-sabonete-liquido-bandeja-embalagem-de-presente-mini-rosas-mae-dani-fernandes-1rzet/
222;19;336448657;Água Perfumada + Toalha Bordada + Embalagem para Presente Tênue | Dani Fernandes;R$195,80;Disponivel;1;kit/01/04;https://danifernandes.com.br/produtos/agua-perfumada-toalha-bordada-embalagem-para-presente-tenue-dani-fernandes-1y807/
223;19;309395057;Difusor + Sabonete + Home Spray e Vela Romã com Embalagem de Presente | Dani Fernandes;R$701,60;Disponivel;1;KIT25-6;https://danifernandes.com.br/produtos/difusor-sabonete-home-spray-e-vela-roma-com-embalagem-de-presente-dani-fernandes-5u2s6/
224;19;308930171;Difusor + Sabonete + Home Spray Baby | Dani Fernandes;R$443,70;Disponivel;1;KIT08-2;https://danifernandes.com.br/produtos/difusor-sabonete-home-spray-baby-dani-fernandes-1hrh8/
225;19;266510372;Sabone Líquido C/01 250ml Cimples by Carolina Ferraz e Dani Fernandes;R$204,90;Disponivel;1;SAB C/01/250;https://danifernandes.com.br/produtos/pre-venda-sabone-liquido-c-01-250ml-cimples-by-carolina-ferraz-e-dani-fernandes/
226;19;347274494;Vela Perfumada Velvet Cherry 800g | Dani Fernandes;R$719,90;Disponivel;1;VELA 35/800;https://danifernandes.com.br/produtos/vela-perfumada-velvet-cherry-800g-dani-fernandes-1kltb/
227;19;347274492;Vela Perfumada Tênue 800g | Dani Fernandes;R$719,90;Disponivel;1;VELA 01/800;https://danifernandes.com.br/produtos/vela-perfumada-tenue-800g-dani-fernandes-arr4b/
228;19;347274491;Vela Perfumada Flor De Figo 800g | Dani Fernandes;R$719,90;Disponivel;1;VELA 13/800;https://danifernandes.com.br/produtos/vela-perfumada-flor-de-figo-800g-dani-fernandes-1fa2u/
229;20;342296212;Água Perfumada + Toalha Bordada e Embalagem para Presente Velvet Cherry 510ml | Dani Fernandes;R$189,80;Disponivel;1;KIT/35/04;https://danifernandes.com.br/produtos/agua-perfumada-toalha-bordada-e-embalagem-para-presente-velvet-cherry-510ml-dani-fernandes-1k3hy/
230;20;342288581;Body Splash + Loção Perfumada + Sabonete Líquido + Toalha Bordada e Embalagem para Presente L'amour de Soi | Dani Fernan;R$497,60;Disponivel;1;kit/31/01;https://danifernandes.com.br/produtos/body-splash-locao-perfumada-sabonete-liquido-toalha-bordada-e-embalagem-para-presente-lamour-de-soi-dani-fernan-163u7/
231;20;341415873;Sabonete Espumador + Vela + Bandeja + Toalha Bordada Verbena e Limão Siciliano com Embalagem de Presente | Dani Fern;R$745,60;Disponivel;1;kit27/04;https://danifernandes.com.br/produtos/sabonete-espumador-vela-bandeja-toalha-bordada-verbena-e-limao-siciliano-com-embalagem-de-presente-dani-fern-51z2j/
232;20;341371006;Difusor + Sabonete Líquido + Toalha Bordada Flor de Algodão com Embalagem de Presente 350ml | Dani Fernandes;R$468,70;Disponivel;1;kit/26/01;https://danifernandes.com.br/produtos/difusor-sabonete-liquido-toalha-bordada-flor-de-algodao-com-embalagem-de-presente-350ml-dani-fernandes-16uov/
233;20;340557308;Caderno Perfumado 160 Folhas + Sabonete em Barra Flor de Figo 2 unid | Dani Fernandes;R$245,80;Disponivel;1;KIT/13/07;https://danifernandes.com.br/produtos/caderno-perfumado-160-folhas-sabonete-em-barra-flor-de-figo-2-unid-dani-fernandes-a8hqz/
234;20;336992731;Água Perfumada + Toalha Bordada + Embalagem de Presente Hortênsias e Segredos | Dani Fernandes & Bridgerton;R$206,80;Disponivel;1;kit/b3/02;https://danifernandes.com.br/produtos/agua-perfumada-toalha-bordada-embalagem-de-presente-hortensias-e-segredos-dani-fernandes-bridgerton-1h94a/
235;20;336936581;Difusor + Sabonete Líquido + Toalha Bordada Mãe Querida Flor de Algodão | Dani Fernandes;R$484,70;Disponivel;1;kit/26mq/01;https://danifernandes.com.br/produtos/difusor-sabonete-liquido-toalha-bordada-mae-querida-flor-de-algodao-dani-fernandes-1fhbe/
236;20;336872461;Difusor + Sabonete Líquido + Toalha Bordada + Embalagem de Presente Velvet Cherry | Dani Fernandes;R$515,70;Disponivel;1;kit/35/3;https://danifernandes.com.br/produtos/difusor-sabonete-liquido-toalha-bordada-embalagem-de-presente-velvet-cherry-dani-fernandes-c7vq1/
237;20;336436444;Água Perfumada + Toalha Bordada + Embalagem para Presente Romã | Dani Fernandes;R$195,80;Disponivel;1;kit/25/04;https://danifernandes.com.br/produtos/agua-perfumada-toalha-bordada-embalagem-para-presente-roma-dani-fernandes-75z29/
238;20;309392349;Difusor + Sabonete e Home Spray Romã com Embalagem de Presente | Dani Fernandes;R$496,70;Disponivel;1;KIT25-5;https://danifernandes.com.br/produtos/difusor-sabonete-e-home-spray-roma-com-embalagem-de-presente-dani-fernandes-tt21w/
239;20;309386499;Difusor + Sabonete + Home Spray e Vela Orquídea com Embalagem de Presente | Dani Fernandes;R$710,60;Disponivel;1;KIT20-3;https://danifernandes.com.br/produtos/difusor-sabonete-home-spray-e-vela-orquidea-com-embalagem-de-presente-dani-fernandes-ej7vo/
240;20;309383456;Difusor + Sabonete + Home Spray Orquídea com Embalagem de Presente | Dani Fernandes;R$504,70;Disponivel;1;KIT20-2;https://danifernandes.com.br/produtos/difusor-sabonete-home-spray-orquidea-com-embalagem-de-presente-dani-fernandes-hsogn/
241;21;309167534;Difusor + Sabonete e Home Spray Lavanda | Dani Fernandes;R$443,70;Disponivel;1;KIT02-02;https://danifernandes.com.br/produtos/difusor-sabonete-e-home-spray-lavanda-dani-fernandes-mhuuh/
242;21;309165031;Difusor + Sabonete Folhas e Ervas com Embalagem de Presente | Dani Fernandes;R$404,80;Disponivel;1;KIT17-01;https://danifernandes.com.br/produtos/difusor-sabonete-folhas-e-ervas-com-embalagem-de-presente-dani-fernandes-434oi/
243;21;309073681;Difusor + Sabonete Flor de Algodão com Embalagem de Presente | Dani Fernandes;R$368,80;Disponivel;1;KIT26-01;https://danifernandes.com.br/produtos/difusor-sabonete-flor-de-algodao-com-embalagem-de-presente-dani-fernandes-fpeq0/
